<?xml version="1.0" encoding="UTF-8"?>
<project-private xmlns="http://www.netbeans.org/ns/project-private/1">
    <editor-bookmarks xmlns="http://www.netbeans.org/ns/editor-bookmarks/2" lastBookmarkId="0"/>
    <open-files xmlns="http://www.netbeans.org/ns/projectui-open-files/2">
        <group>
            <file>file:/C:/Users/RC_Student_lab/Documents/NetBeansProjects/project%20POE/src/project/poe/users.java</file>
            <file>file:/C:/Users/RC_Student_lab/Documents/NetBeansProjects/project%20POE/src/project/poe/SendMessage.java</file>
            <file>file:/C:/Users/RC_Student_lab/Documents/NetBeansProjects/project%20POE/test/MessageManager.java</file>
            <file>file:/C:/Users/RC_Student_lab/Documents/NetBeansProjects/project%20POE/src/project/poe/MessagingApp.java</file>
            <file>file:/C:/Users/RC_Student_lab/Documents/NetBeansProjects/project%20POE/src/project/poe/RuntimeExeption.java</file>
            <file>file:/C:/Users/RC_Student_lab/Documents/NetBeansProjects/project%20POE/src/project/poe/ProjectPOE.java</file>
            <file>file:/C:/Users/RC_Student_lab/Documents/NetBeansProjects/project%20POE/src/project/poe/messageid.java</file>
            <file>file:/C:/Users/RC_Student_lab/Documents/NetBeansProjects/project%20POE/test/JUnitTest.java</file>
        </group>
    </open-files>
</project-private>
